Lat,Lon,City,Country,CCTVperperson,CCTVpermile
5.3599517,-4.0082563,Abidjan,Ivory Coast,0.19,1.24
9.0764785,7.398574,Abuja ,Nigeria,0.01,0.01
8.9806034,38.7577605,Addis Abada,Ethiopia,0.03,0.69
23.022505,72.5713621,Ahmedabad,India,0.76,2.01
31.2000924,29.9187387,Alexandria,Egypt,0.02,0.12
39.9333635,32.8597419,Ankara,Turkey,0.27,0.15
-18.8791902,47.5079055,Antananarivo,Madagascar,0.28,N/A
-25.2637399,-57.575926,Asuncion,Paraguay,0.2,1.71
37.9838096,23.7275388,Athens,Greece,3.44,68.19
33.315241,44.3660671,Baghdad,Iraq,16.39,59.77
12.9715987,77.5945627,Bangalore,India,0.07,1.08
13.7563309,100.5017651,Bangkok,Thailand,7.26,129.14
41.3850639,2.1734035,Barcelona,Spain,1.48,2.79
39.9041999,116.4073963,Beijing,China,55.03,181.49
-6.2382699,106.9755726,Bekasi,Indonesia,0.01,0.35
-19.9166813,-43.9344931,Belo Horizonte ,Brazil,0.35,0.39
52.5200066,13.404954,Berlin,Germany,6.25,64.78
4.7109886,-74.072092,Bogotá,Colombia,0.71,12.58
-15.826691,-47.9218204,Brasilia,Brazil,0.79,1.66
-34.6036844,-58.3815591,Buenos Aires,Argentina,1.62,13.47
35.1795543,129.0756416,Busan,South Korea,0.23,2.63
30.0444196,31.2357116,Cairo,Egypt,2.18,39.08
-22.9329252,-47.073845,Campinas,Brazil,0.19,0.45
-33.9248685,18.4240553,Cape Town,South Africa,0.59,6.3
33.5731104,-7.5898434,Casablanca,Morocco,0.75,33.55
43.817071,125.323544,Changchun,China,22.12,139.62
28.228209,112.938814,Changsha,China,55.81,353.85
30.572815,104.066801,Chengdu,China,33.32,55.83
13.0826802,80.2707184,Chennai,India,24.92,609.92
22.356851,91.7831819,Chittagong,Bangladesh,0.2,2.63
29.4315861,106.912251,Chongqing,China,17.7,17.11
-25.4289541,-49.267137,Curitiba,Brazil,0.69,0.43
14.716677,-17.4676861,Dakar,Senegal,0.15,2.24
38.914003,121.614682,Dalian,China,5.54,15.8
28.7040592,77.1024902,Delhi,India,33.73,1826.58
23.810332,90.4125181,Dhaka,Bangladesh,0.74,138.13
23.020673,113.751799,Dongguan,China,16.79,131.49
-29.8586804,31.0218404,Durban,South Africa,0.17,6.08
-26.1777025,28.3461948,Ekurhuleni,South Africa,0.38,1.97
-3.7327144,-38.5269981,Fortaleza,Brazil,0.74,1.36
23.021478,113.121435,Foshan,China,13.5,67.31
33.5901838,130.4016888,Fukuoka,Japan,0.2,0.56
26.074478,119.296482,Fuzhou ,China,3.4,18.75
20.6596988,-103.3496092,Guadalajara,Mexico,4.88,18.67
23.12911,113.264385,Guangzhou,China,22,104.51
26.647661,106.630153,Guiyang,China,5.87,6.45
30.274084,120.15507,Hangzhou,China,50.98,61.52
21.0277644,105.8341598,Hanoi,Vietnam,0.9,3.42
45.803775,126.534967,Harbin,China,38.31,63.45
31.820591,117.227219,Hefei,China,26.03,41.77
10.8230989,106.6296638,Ho Chi Minh City,Vietnam,4.28,47.51
22.3193039,114.1693611,Hong Kong,Hong Kong,7.1,125.93
17.385044,78.486671,Hyderabad,India,36.52,133.84
7.3775355,3.9470396,Ibadan,Nigeria,0,0
22.7195687,75.8577258,Indore,India,64.43,133.29
41.0082376,28.9783589,Istanbul,Turkey,7.07,54.33
26.9124336,75.7872709,Jaipur,India,0.25,5.55
-6.2087634,106.845599,Jakarta,Indonesia,0.73,31.26
36.6512,117.120095,Ji'nan,China,29.02,51.79
-26.2041028,28.0473051,Johannesburg,South Africa,2.78,127.41
34.5553494,69.207486,Kabul,Afghanistan,0.02,0.27
0.3475964,32.5825197,Kampala,Uganda,0.82,N/A
12.0021794,8.5919561,Kano,Nigeria,1.22,2.27
15.5006544,32.5598994,Khartoum,Sudan,0.67,10.28
9.9312328,76.2673041,Kochi,India,0.18,3.43
22.572646,88.363895,Kolkata,India,1.49,56.28
11.2587531,75.78041,Kozhikode,India,0.02,0.08
3.139003,101.686855,Kuala Lumpur,Malaysia,0.61,5.77
24.880095,102.832891,Kunming,China,43.95,112.24
6.5243793,3.3792057,Lagos,Nigeria,0,0
31.5203696,74.3587473,Lahore,Pakistan,0.76,14.62
36.061089,103.834303,Lanzhou,China,7.99,4.99
-12.0463731,-77.042754,Lima,Peru,0.69,7.31
51.5073509,-0.1277583,London,England (UK),73.31,1138.48
34.0522342,-118.2436849,Los Angeles,United States,8.78,74.54
-8.8146556,13.2301756,Luanda,Angola,0.08,0.97
26.8466937,80.946166,Lucknow,India,4.46,124.68
40.4167754,-3.7037902,Madrid,Spain,5.1,11.01
14.5995124,120.9842195,Manila,Philippines,0.22,11.17
36.2604623,59.6167549,Mashhad,Iran,0.18,N/A
6.2476376,-75.5658153,Medellín,Colombia,0.6,16.53
-37.8136276,144.9630576,Melbourne,Australia,2.17,2.85
19.4326077,-99.133208,Mexico City,Mexico,3.97,151.74
45.4642035,9.189982,Milan,Italy,2.64,13.62
25.6866142,-100.3161126,Monterrey,Mexico,0.81,10.81
45.5016889,-73.567256,Montréal,Canada,1.04,2.48
55.755826,37.6172999,Moscow,Russia,16.17,210.01
19.0759837,72.8776559,Mumbai,India,3.34,157.43
-1.2920659,36.8219462,Nairobi,Kenya,0.41,7.44
28.682892,115.858197,Nanchang,China,21.09,42.12
32.060255,118.796877,Nanjing,China,26.03,95.2
22.817002,108.366543,Nanning,China,13.44,11.42
40.7127753,-74.0059728,New York,United States,7.07,193.72
34.6937249,135.5022535,Osaka,Japan,1.57,5.96
48.856614,2.3522219,Paris,France ,3.84,38.62
-30.0346471,-51.2176584,Porto Alegre,Brazil,0.6,0.66
19.0414398,-98.2062727,Puebla,Mexico,5.37,18.88
18.5204303,73.8567437,Pune,India,2.54,5.94
36.067108,120.382609,Qingdao,China,45.62,415.8
-8.0522404,-34.9286096,Recife,Brazil,0.5,1.94
-22.9068467,-43.1728965,Rio de Janeiro,Brazil,1.03,6.81
24.7135517,46.6752957,Riyadh,Saudi Arabia,0.02,0.22
41.9027835,12.4963655,Rome,Italy,1.31,2.71
-12.977749,-38.5016301,Salvador,Brazil,1.16,2.68
-33.4488897,-70.6692655,Santiago,Chile,0.44,1.31
18.4860575,-69.9312117,Santo Domingo,Dominican Republic,0.4,1.32
-23.5505199,-46.6333094,São Paulo,Brazil,1,7.23
37.566535,126.9779692,Seoul,South Korea,7.78,331.94
31.230416,121.473701,Shanghai,China,35.98,408.49
41.805699,123.431472,Shenyang,China,27.12,101.25
22.543096,114.057865,Shenzhen,China,31.77,520.08
38.042805,114.514893,Shijiazhuang,China,12.86,22.86
1.352083,103.819836,Singapore,Singapore ,18.19,387.56
59.9310584,30.3609096,St. Petersburg,Russia,10.23,101.33
21.1702401,72.8310607,Surat,India,0.42,1.81
31.298974,120.585289,Suzhou,China,36.35,165.63
-33.8688197,151.2092955,Sydney,Australia,12.02,34.03
37.87059,112.548879,Taiyuan,China,117.02,174.39
39.630867,118.180193,Tangshan Hebei,China,1.12,2.67
35.6891975,51.3889736,Tehran,Iran,0.22,3.17
32.0852999,34.7817676,Tel Aviv,q,1.01,7.33
10.5276416,76.2144349,Thrissur ,India,0.08,0.23
39.3433574,117.3616476,Tianjin,China,25.37,75.88
35.6761919,139.6503106,Tokyo,Japan,1.06,7.54
43.653226,-79.3831843,Toronto,Canada,3.08,8.45
43.825592,87.616848,Urumqi,China,35.21,23.15
27.993828,120.699361,Wenzhou,China,14.8,114.87
30.592849,114.305539,Wuhan,China,23.6,339.01
31.491169,120.31191,Wuxi,China,90.49,472.66
24.479833,118.089425,Xiamen,China,39.57,228.66
34.341574,108.93977,Xian,China,5.44,11.67
25.0169826,121.4627868,Xinbei,Taiwan,7.89,44.16
16.840939,96.173526,Yangon,Myanmar,0.55,12.96
34.746611,113.625328,Zhengzhou,China,18.15,63.28